/* LEGACY
INSERT INTO DIBRS.T_OFFENSE_TYPE ( CODE, DESCRIPTION, NIBRS_CODE, CLASS_CODE, ELEMENTS, CRIME_AGAINST, PROPERTY_APPLIES, TYPE_CRIM_ACT_PATTERN, TYPE_ENTRY_METHOD_APPLIES, TYPE_WEAPON_USED_APPLIES, TYPE_INJURY_APPLIES, REPORT_AS, SUBJECT_INVOLVEMENT ) VALUES ( '134-Z3', 'OTHER 134', '90Z', 'B', NULL, 'Person', NULL, NULL, 'Y', 'Y', NULL, '134-Z-', NULL); 
INSERT INTO DIBRS.T_OFFENSE_TYPE ( CODE, DESCRIPTION, NIBRS_CODE, CLASS_CODE, ELEMENTS, CRIME_AGAINST, PROPERTY_APPLIES, TYPE_CRIM_ACT_PATTERN, TYPE_ENTRY_METHOD_APPLIES, TYPE_WEAPON_USED_APPLIES, TYPE_INJURY_APPLIES, REPORT_AS, SUBJECT_INVOLVEMENT ) VALUES ( '134-Z4', 'OTHER 134', '90Z', 'B', NULL, 'Property', 'Y', NULL, 'Y', 'Y', NULL, '134-Z-', NULL); 
COMMIT;

INSERT INTO DIBRS.T_OFFENSE_TYPE ( CODE, DESCRIPTION, NIBRS_CODE, CLASS_CODE, ELEMENTS, CRIME_AGAINST, PROPERTY_APPLIES, TYPE_CRIM_ACT_PATTERN, TYPE_ENTRY_METHOD_APPLIES, TYPE_WEAPON_USED_APPLIES, TYPE_INJURY_APPLIES, REPORT_AS, SUBJECT_INVOLVEMENT ) VALUES ( '120A--', 'STALKING', '90Z', 'A', NULL, 'Person', NULL, NULL, NULL, NULL, NULL, '120A--', NULL); 
COMMIT;


INSERT INTO T_OFFENSE_MAPPING ( CATEGORY, OFFENSE_CODE ) VALUES ( 'General Crimes', '134-Z4'); 
INSERT INTO T_OFFENSE_MAPPING ( CATEGORY, OFFENSE_CODE ) VALUES ( 'General Crimes', '134-Z3'); 
INSERT INTO T_OFFENSE_MAPPING ( CATEGORY, OFFENSE_CODE ) VALUES ( 'General Crimes', '120A--'); 
COMMIT;
*/





INSERT INTO T_DIBRS_OFFENSE_TYPE ( SID, CODE, DESCRIPTION, NIBRS_CODE, CLASS_CODE, ELEMENTS, CRIME_AGAINST, PROPERTY_APPLIES, TYPE_ENTRY_METHOD_APPLIES, TYPE_WEAPON_USED_APPLIES, TYPE_INJURY_APPLIES, TYPE_CRIM_ACT_PATTERN, ACTIVE, SEQ, REPORT_AS, CREATE_ON, CREATE_BY, MODIFY_ON, MODIFY_BY ) VALUES ( '3331839G', '134-Z3', 'OTHER 134', '90Z', 'B', NULL, 'Person', NULL, 'Y', 'Y', NULL, NULL, 'Y', NULL, '222000006A3',  TO_Date( '10/18/2011 06:58:25 AM', 'MM/DD/YYYY HH:MI:SS AM'), 'timothy.ward',  TO_Date( '10/18/2011 06:58:25 AM', 'MM/DD/YYYY HH:MI:SS AM'), 'timothy.ward'); 
INSERT INTO T_DIBRS_OFFENSE_TYPE ( SID, CODE, DESCRIPTION, NIBRS_CODE, CLASS_CODE, ELEMENTS, CRIME_AGAINST, PROPERTY_APPLIES, TYPE_ENTRY_METHOD_APPLIES, TYPE_WEAPON_USED_APPLIES, TYPE_INJURY_APPLIES, TYPE_CRIM_ACT_PATTERN, ACTIVE, SEQ, REPORT_AS, CREATE_ON, CREATE_BY, MODIFY_ON, MODIFY_BY ) VALUES ( '3331839H', '134-Z4', 'OTHER 134', '90Z', 'B', NULL, 'Property', 'Y', 'Y', 'Y', NULL, NULL, 'Y', NULL, '222000006A3',  TO_Date( '10/18/2011 06:58:25 AM', 'MM/DD/YYYY HH:MI:SS AM'), 'timothy.ward',  TO_Date( '10/18/2011 06:58:25 AM', 'MM/DD/YYYY HH:MI:SS AM'), 'timothy.ward'); 
COMMIT;

INSERT INTO T_DIBRS_OFFENSE_TYPE ( SID, CODE, DESCRIPTION, NIBRS_CODE, CLASS_CODE, ELEMENTS, CRIME_AGAINST, PROPERTY_APPLIES, TYPE_ENTRY_METHOD_APPLIES, TYPE_WEAPON_USED_APPLIES, TYPE_INJURY_APPLIES, TYPE_CRIM_ACT_PATTERN, ACTIVE, SEQ, REPORT_AS, CREATE_ON, CREATE_BY, MODIFY_ON, MODIFY_BY ) VALUES ( '3331839I', '120A--', 'STALKING', '90Z', 'A', NULL, 'Person', NULL, NULL, NULL, NULL, NULL, 'Y', NULL, '3331839I',  TO_Date( '10/18/2011 06:58:25 AM', 'MM/DD/YYYY HH:MI:SS AM'), 'timothy.ward',  TO_Date( '10/18/2011 06:58:25 AM', 'MM/DD/YYYY HH:MI:SS AM'), 'timothy.ward'); 
COMMIT;

INSERT INTO T_OSI_F_OFFENSE_CATEGORY ( SID, CATEGORY, OFFENSE, CREATE_BY, CREATE_ON, MODIFY_BY, MODIFY_ON, OFFENSE_CODE ) VALUES ( '3331839J', 'General Crimes', '3331839H', 'timothy.ward',  TO_Date( '10/18/2011 06:59:27 AM', 'MM/DD/YYYY HH:MI:SS AM'), 'timothy.ward',  TO_Date( '10/18/2011 06:59:27 AM', 'MM/DD/YYYY HH:MI:SS AM'), '134-Z4'); 
INSERT INTO T_OSI_F_OFFENSE_CATEGORY ( SID, CATEGORY, OFFENSE, CREATE_BY, CREATE_ON, MODIFY_BY, MODIFY_ON, OFFENSE_CODE ) VALUES ( '3331839K', 'General Crimes', '3331839G', 'timothy.ward',  TO_Date( '10/18/2011 06:59:27 AM', 'MM/DD/YYYY HH:MI:SS AM'), 'timothy.ward',  TO_Date( '10/18/2011 06:59:27 AM', 'MM/DD/YYYY HH:MI:SS AM'), '134-Z3'); 
INSERT INTO T_OSI_F_OFFENSE_CATEGORY ( SID, CATEGORY, OFFENSE, CREATE_BY, CREATE_ON, MODIFY_BY, MODIFY_ON, OFFENSE_CODE ) VALUES ( '3331839L', 'General Crimes', '3331839I', 'timothy.ward',  TO_Date( '10/18/2011 06:59:27 AM', 'MM/DD/YYYY HH:MI:SS AM'), 'timothy.ward',  TO_Date( '10/18/2011 06:59:27 AM', 'MM/DD/YYYY HH:MI:SS AM'), '120A--'); 
COMMIT;