---CORE OBJECT TYPES---
INSERT INTO T_CORE_OBJ_TYPE ( SID, CODE, DESCRIPTION, METHOD_PKG, HAS_OWNING_UNIT, CREATE_BY, CREATE_ON, MODIFY_BY, MODIFY_ON, IMAGE ) VALUES ( '33317VAI', 'ACT.CONSULTATION.IOC_CASE',      'Consultation, IOC Case', 'OSI_CONSULT_COORD', 'Y', 'timothy.ward',  TO_Date( '07/15/2011 07:41:01 AM', 'MM/DD/YYYY HH:MI:SS AM'), 'timothy.ward',  TO_Date( '07/15/2011 07:44:57 AM', 'MM/DD/YYYY HH:MI:SS AM'), 'Consultation.gif');
INSERT INTO T_CORE_OBJ_TYPE ( SID, CODE, DESCRIPTION, METHOD_PKG, HAS_OWNING_UNIT, CREATE_BY, CREATE_ON, MODIFY_BY, MODIFY_ON, IMAGE ) VALUES ( '33317VAJ', 'ACT.CONSULTATION.IOC_PROG',      'Consultation, IOC Program', 'OSI_CONSULT_COORD', 'Y', 'timothy.ward',  TO_Date( '07/15/2011 07:41:01 AM', 'MM/DD/YYYY HH:MI:SS AM'), 'timothy.ward',  TO_Date( '07/15/2011 07:44:57 AM', 'MM/DD/YYYY HH:MI:SS AM'), 'Consultation.gif');
INSERT INTO T_CORE_OBJ_TYPE ( SID, CODE, DESCRIPTION, METHOD_PKG, HAS_OWNING_UNIT, CREATE_BY, CREATE_ON, MODIFY_BY, MODIFY_ON, IMAGE ) VALUES ( '33317VAK', 'ACT.CONSULTATION.IOC_SOURCE',    'Consultation, IOC Source', 'OSI_CONSULT_COORD', 'Y', 'timothy.ward',  TO_Date( '07/15/2011 07:41:01 AM', 'MM/DD/YYYY HH:MI:SS AM'), 'timothy.ward',  TO_Date( '07/15/2011 07:44:57 AM', 'MM/DD/YYYY HH:MI:SS AM'), 'Consultation.gif');
INSERT INTO T_CORE_OBJ_TYPE ( SID, CODE, DESCRIPTION, METHOD_PKG, HAS_OWNING_UNIT, CREATE_BY, CREATE_ON, MODIFY_BY, MODIFY_ON, IMAGE ) VALUES ( '33317VAL', 'ACT.CONSULTATION.IOC_STAT_ANAL', 'Consultation, IOC Statement Analysis', 'OSI_CONSULT_COORD', 'Y', 'timothy.ward',  TO_Date( '07/15/2011 07:41:01 AM', 'MM/DD/YYYY HH:MI:SS AM'), 'timothy.ward',  TO_Date( '07/15/2011 07:44:57 AM', 'MM/DD/YYYY HH:MI:SS AM'), 'Consultation.gif');
INSERT INTO T_CORE_OBJ_TYPE ( SID, CODE, DESCRIPTION, METHOD_PKG, HAS_OWNING_UNIT, CREATE_BY, CREATE_ON, MODIFY_BY, MODIFY_ON, IMAGE ) VALUES ( '33317VAM', 'ACT.CONSULTATION.IOC_MASS_SI',   'Consultation, IOC Structured Elimination Questionnaire (MSEQ)', 'OSI_CONSULT_COORD', 'Y', 'timothy.ward',  TO_Date( '07/15/2011 07:41:01 AM', 'MM/DD/YYYY HH:MI:SS AM'), 'timothy.ward',  TO_Date( '07/15/2011 07:44:57 AM', 'MM/DD/YYYY HH:MI:SS AM'), 'Consultation.gif');
INSERT INTO T_CORE_OBJ_TYPE ( SID, CODE, DESCRIPTION, METHOD_PKG, HAS_OWNING_UNIT, CREATE_BY, CREATE_ON, MODIFY_BY, MODIFY_ON, IMAGE ) VALUES ( '33317VAN', 'ACT.CONSULTATION.IOC_OP_RES',    'Consultation, IOC Operational Response', 'OSI_CONSULT_COORD', 'Y', 'timothy.ward',  TO_Date( '07/15/2011 07:41:01 AM', 'MM/DD/YYYY HH:MI:SS AM'), 'timothy.ward',  TO_Date( '07/15/2011 07:44:57 AM', 'MM/DD/YYYY HH:MI:SS AM'), 'Consultation.gif');
INSERT INTO T_CORE_OBJ_TYPE ( SID, CODE, DESCRIPTION, METHOD_PKG, HAS_OWNING_UNIT, CREATE_BY, CREATE_ON, MODIFY_BY, MODIFY_ON, IMAGE ) VALUES ( '33317VAO', 'ACT.CONSULTATION.FSA_CASE',      'Consultation, FSA Case', 'OSI_CONSULT_COORD', 'Y', 'timothy.ward',  TO_Date( '07/15/2011 07:41:01 AM', 'MM/DD/YYYY HH:MI:SS AM'), 'timothy.ward',  TO_Date( '07/15/2011 07:44:57 AM', 'MM/DD/YYYY HH:MI:SS AM'), 'Consultation.gif');
INSERT INTO T_CORE_OBJ_TYPE ( SID, CODE, DESCRIPTION, METHOD_PKG, HAS_OWNING_UNIT, CREATE_BY, CREATE_ON, MODIFY_BY, MODIFY_ON, IMAGE ) VALUES ( '33317VAP', 'ACT.CONSULTATION.FSA_DEATH',     'Consultation, FSA Death Case Review', 'OSI_CONSULT_COORD', 'Y', 'timothy.ward',  TO_Date( '07/15/2011 07:41:01 AM', 'MM/DD/YYYY HH:MI:SS AM'), 'timothy.ward',  TO_Date( '07/15/2011 07:44:57 AM', 'MM/DD/YYYY HH:MI:SS AM'), 'Consultation.gif');
INSERT INTO T_CORE_OBJ_TYPE ( SID, CODE, DESCRIPTION, METHOD_PKG, HAS_OWNING_UNIT, CREATE_BY, CREATE_ON, MODIFY_BY, MODIFY_ON, IMAGE ) VALUES ( '33317VAQ', 'ACT.CONSULTATION.FSA_EVIDENCE',  'Consultation, FSA Evidence Analysis Review', 'OSI_CONSULT_COORD', 'Y', 'timothy.ward',  TO_Date( '07/15/2011 07:41:01 AM', 'MM/DD/YYYY HH:MI:SS AM'), 'timothy.ward',  TO_Date( '07/15/2011 07:44:57 AM', 'MM/DD/YYYY HH:MI:SS AM'), 'Consultation.gif');
INSERT INTO T_CORE_OBJ_TYPE ( SID, CODE, DESCRIPTION, METHOD_PKG, HAS_OWNING_UNIT, CREATE_BY, CREATE_ON, MODIFY_BY, MODIFY_ON, IMAGE ) VALUES ( '33317VAR', 'ACT.CONSULTATION.FSA_OP_RES',    'Consultation, FSA Operational Response', 'OSI_CONSULT_COORD', 'Y', 'timothy.ward',  TO_Date( '07/15/2011 07:41:01 AM', 'MM/DD/YYYY HH:MI:SS AM'), 'timothy.ward',  TO_Date( '07/15/2011 07:44:57 AM', 'MM/DD/YYYY HH:MI:SS AM'), 'Consultation.gif');
INSERT INTO T_CORE_OBJ_TYPE ( SID, CODE, DESCRIPTION, METHOD_PKG, HAS_OWNING_UNIT, CREATE_BY, CREATE_ON, MODIFY_BY, MODIFY_ON, IMAGE ) VALUES ( '33317VAS', 'ACT.CONSULTATION.FSA_BLOOD',     'Consultation, FSC Bloodstain Pattern Analysis', 'OSI_CONSULT_COORD', 'Y', 'timothy.ward',  TO_Date( '07/15/2011 07:41:01 AM', 'MM/DD/YYYY HH:MI:SS AM'), 'timothy.ward',  TO_Date( '07/15/2011 07:44:57 AM', 'MM/DD/YYYY HH:MI:SS AM'), 'Consultation.gif');
INSERT INTO T_CORE_OBJ_TYPE ( SID, CODE, DESCRIPTION, METHOD_PKG, HAS_OWNING_UNIT, CREATE_BY, CREATE_ON, MODIFY_BY, MODIFY_ON, IMAGE ) VALUES ( '33317VAT', 'ACT.CONSULTATION.FSA_SHOOT',     'Consultation, FSC Shooting Incident Reconstruction', 'OSI_CONSULT_COORD', 'Y', 'timothy.ward',  TO_Date( '07/15/2011 07:41:01 AM', 'MM/DD/YYYY HH:MI:SS AM'), 'timothy.ward',  TO_Date( '07/15/2011 07:44:57 AM', 'MM/DD/YYYY HH:MI:SS AM'), 'Consultation.gif');
INSERT INTO T_CORE_OBJ_TYPE ( SID, CODE, DESCRIPTION, METHOD_PKG, HAS_OWNING_UNIT, CREATE_BY, CREATE_ON, MODIFY_BY, MODIFY_ON, IMAGE ) VALUES ( '33317VAU', 'ACT.CONSULTATION.FSA_CSR',       'Consultation, FSC Crime Scene Reconstruction', 'OSI_CONSULT_COORD', 'Y', 'timothy.ward',  TO_Date( '07/15/2011 07:41:01 AM', 'MM/DD/YYYY HH:MI:SS AM'), 'timothy.ward',  TO_Date( '07/15/2011 07:44:57 AM', 'MM/DD/YYYY HH:MI:SS AM'), 'Consultation.gif');
INSERT INTO T_CORE_OBJ_TYPE ( SID, CODE, DESCRIPTION, METHOD_PKG, HAS_OWNING_UNIT, CREATE_BY, CREATE_ON, MODIFY_BY, MODIFY_ON, IMAGE ) VALUES ( '33317VAV', 'ACT.CONSULTATION.FSA_EW',        'Consultation, FSC Expert Witness', 'OSI_CONSULT_COORD', 'Y', 'timothy.ward',  TO_Date( '07/15/2011 07:41:01 AM', 'MM/DD/YYYY HH:MI:SS AM'), 'timothy.ward',  TO_Date( '07/15/2011 07:44:57 AM', 'MM/DD/YYYY HH:MI:SS AM'), 'Consultation.gif');
INSERT INTO T_CORE_OBJ_TYPE ( SID, CODE, DESCRIPTION, METHOD_PKG, HAS_OWNING_UNIT, CREATE_BY, CREATE_ON, MODIFY_BY, MODIFY_ON, IMAGE ) VALUES ( '33317VN7', 'ACT.CONSULTATION.IOC_UC',        'Consultation, IOC UC Consultation', 'OSI_CONSULT_COORD', 'Y', 'timothy.ward',  TO_Date( '07/15/2011 07:41:01 AM', 'MM/DD/YYYY HH:MI:SS AM'), 'timothy.ward',  TO_Date( '07/15/2011 07:44:57 AM', 'MM/DD/YYYY HH:MI:SS AM'), 'Consultation.gif');
COMMIT;

---CORE ACL---
INSERT INTO T_CORE_ACL ( SID, OBJ_TYPE, ACL_NAME, RESTRICT_SEE, SEQ, CREATE_BY, CREATE_ON, MODIFY_BY, MODIFY_ON ) VALUES ( '33317VC7', '33317VAI', 'Default', 'N', 1, 'timothy.ward',  TO_Date( '07/15/2011 08:25:36 AM', 'MM/DD/YYYY HH:MI:SS AM'), 'timothy.ward',  TO_Date( '07/15/2011 08:25:36 AM', 'MM/DD/YYYY HH:MI:SS AM')); 
INSERT INTO T_CORE_ACL ( SID, OBJ_TYPE, ACL_NAME, RESTRICT_SEE, SEQ, CREATE_BY, CREATE_ON, MODIFY_BY, MODIFY_ON ) VALUES ( '33317VC8', '33317VAJ', 'Default', 'N', 1, 'timothy.ward',  TO_Date( '07/15/2011 08:25:36 AM', 'MM/DD/YYYY HH:MI:SS AM'), 'timothy.ward',  TO_Date( '07/15/2011 08:25:36 AM', 'MM/DD/YYYY HH:MI:SS AM')); 
INSERT INTO T_CORE_ACL ( SID, OBJ_TYPE, ACL_NAME, RESTRICT_SEE, SEQ, CREATE_BY, CREATE_ON, MODIFY_BY, MODIFY_ON ) VALUES ( '33317VC9', '33317VAK', 'Default', 'N', 1, 'timothy.ward',  TO_Date( '07/15/2011 08:25:36 AM', 'MM/DD/YYYY HH:MI:SS AM'), 'timothy.ward',  TO_Date( '07/15/2011 08:25:36 AM', 'MM/DD/YYYY HH:MI:SS AM')); 
INSERT INTO T_CORE_ACL ( SID, OBJ_TYPE, ACL_NAME, RESTRICT_SEE, SEQ, CREATE_BY, CREATE_ON, MODIFY_BY, MODIFY_ON ) VALUES ( '33317VCA', '33317VAL', 'Default', 'N', 1, 'timothy.ward',  TO_Date( '07/15/2011 08:25:36 AM', 'MM/DD/YYYY HH:MI:SS AM'), 'timothy.ward',  TO_Date( '07/15/2011 08:25:36 AM', 'MM/DD/YYYY HH:MI:SS AM')); 
INSERT INTO T_CORE_ACL ( SID, OBJ_TYPE, ACL_NAME, RESTRICT_SEE, SEQ, CREATE_BY, CREATE_ON, MODIFY_BY, MODIFY_ON ) VALUES ( '33317VCB', '33317VAM', 'Default', 'N', 1, 'timothy.ward',  TO_Date( '07/15/2011 08:25:36 AM', 'MM/DD/YYYY HH:MI:SS AM'), 'timothy.ward',  TO_Date( '07/15/2011 08:25:36 AM', 'MM/DD/YYYY HH:MI:SS AM')); 
INSERT INTO T_CORE_ACL ( SID, OBJ_TYPE, ACL_NAME, RESTRICT_SEE, SEQ, CREATE_BY, CREATE_ON, MODIFY_BY, MODIFY_ON ) VALUES ( '33317VCC', '33317VAN', 'Default', 'N', 1, 'timothy.ward',  TO_Date( '07/15/2011 08:25:36 AM', 'MM/DD/YYYY HH:MI:SS AM'), 'timothy.ward',  TO_Date( '07/15/2011 08:25:36 AM', 'MM/DD/YYYY HH:MI:SS AM')); 
INSERT INTO T_CORE_ACL ( SID, OBJ_TYPE, ACL_NAME, RESTRICT_SEE, SEQ, CREATE_BY, CREATE_ON, MODIFY_BY, MODIFY_ON ) VALUES ( '33317VCD', '33317VAO', 'Default', 'N', 1, 'timothy.ward',  TO_Date( '07/15/2011 08:25:36 AM', 'MM/DD/YYYY HH:MI:SS AM'), 'timothy.ward',  TO_Date( '07/15/2011 08:25:36 AM', 'MM/DD/YYYY HH:MI:SS AM')); 
INSERT INTO T_CORE_ACL ( SID, OBJ_TYPE, ACL_NAME, RESTRICT_SEE, SEQ, CREATE_BY, CREATE_ON, MODIFY_BY, MODIFY_ON ) VALUES ( '33317VCE', '33317VAP', 'Default', 'N', 1, 'timothy.ward',  TO_Date( '07/15/2011 08:25:36 AM', 'MM/DD/YYYY HH:MI:SS AM'), 'timothy.ward',  TO_Date( '07/15/2011 08:25:36 AM', 'MM/DD/YYYY HH:MI:SS AM')); 
INSERT INTO T_CORE_ACL ( SID, OBJ_TYPE, ACL_NAME, RESTRICT_SEE, SEQ, CREATE_BY, CREATE_ON, MODIFY_BY, MODIFY_ON ) VALUES ( '33317VCF', '33317VAQ', 'Default', 'N', 1, 'timothy.ward',  TO_Date( '07/15/2011 08:25:36 AM', 'MM/DD/YYYY HH:MI:SS AM'), 'timothy.ward',  TO_Date( '07/15/2011 08:25:36 AM', 'MM/DD/YYYY HH:MI:SS AM')); 
INSERT INTO T_CORE_ACL ( SID, OBJ_TYPE, ACL_NAME, RESTRICT_SEE, SEQ, CREATE_BY, CREATE_ON, MODIFY_BY, MODIFY_ON ) VALUES ( '33317VCG', '33317VAR', 'Default', 'N', 1, 'timothy.ward',  TO_Date( '07/15/2011 08:25:36 AM', 'MM/DD/YYYY HH:MI:SS AM'), 'timothy.ward',  TO_Date( '07/15/2011 08:25:36 AM', 'MM/DD/YYYY HH:MI:SS AM')); 
INSERT INTO T_CORE_ACL ( SID, OBJ_TYPE, ACL_NAME, RESTRICT_SEE, SEQ, CREATE_BY, CREATE_ON, MODIFY_BY, MODIFY_ON ) VALUES ( '33317VCH', '33317VAS', 'Default', 'N', 1, 'timothy.ward',  TO_Date( '07/15/2011 08:25:36 AM', 'MM/DD/YYYY HH:MI:SS AM'), 'timothy.ward',  TO_Date( '07/15/2011 08:25:36 AM', 'MM/DD/YYYY HH:MI:SS AM')); 
INSERT INTO T_CORE_ACL ( SID, OBJ_TYPE, ACL_NAME, RESTRICT_SEE, SEQ, CREATE_BY, CREATE_ON, MODIFY_BY, MODIFY_ON ) VALUES ( '33317VCI', '33317VAT', 'Default', 'N', 1, 'timothy.ward',  TO_Date( '07/15/2011 08:25:36 AM', 'MM/DD/YYYY HH:MI:SS AM'), 'timothy.ward',  TO_Date( '07/15/2011 08:25:36 AM', 'MM/DD/YYYY HH:MI:SS AM')); 
INSERT INTO T_CORE_ACL ( SID, OBJ_TYPE, ACL_NAME, RESTRICT_SEE, SEQ, CREATE_BY, CREATE_ON, MODIFY_BY, MODIFY_ON ) VALUES ( '33317VCJ', '33317VAU', 'Default', 'N', 1, 'timothy.ward',  TO_Date( '07/15/2011 08:25:36 AM', 'MM/DD/YYYY HH:MI:SS AM'), 'timothy.ward',  TO_Date( '07/15/2011 08:25:36 AM', 'MM/DD/YYYY HH:MI:SS AM')); 
INSERT INTO T_CORE_ACL ( SID, OBJ_TYPE, ACL_NAME, RESTRICT_SEE, SEQ, CREATE_BY, CREATE_ON, MODIFY_BY, MODIFY_ON ) VALUES ( '33317VCK', '33317VAV', 'Default', 'N', 1, 'timothy.ward',  TO_Date( '07/15/2011 08:25:36 AM', 'MM/DD/YYYY HH:MI:SS AM'), 'timothy.ward',  TO_Date( '07/15/2011 08:25:36 AM', 'MM/DD/YYYY HH:MI:SS AM')); 
INSERT INTO T_CORE_ACL ( SID, OBJ_TYPE, ACL_NAME, RESTRICT_SEE, SEQ, CREATE_BY, CREATE_ON, MODIFY_BY, MODIFY_ON ) VALUES ( '33317VN8', '33317VN7', 'Default', 'N', 1, 'timothy.ward',  TO_Date( '07/15/2011 08:25:36 AM', 'MM/DD/YYYY HH:MI:SS AM'), 'timothy.ward',  TO_Date( '07/15/2011 08:25:36 AM', 'MM/DD/YYYY HH:MI:SS AM')); 
COMMIT;

---T_OSI_OBJECT_TYPE---
INSERT INTO T_OSI_OBJ_TYPE (SID,STARTING_STATUS,PARENT,INCLUDE_STATUS_MENU,INCLUDE_CHECKLIST_MENU) VALUES ('33317VAI','222000005IY','22200000HLP','Y','Y');
INSERT INTO T_OSI_OBJ_TYPE (SID,STARTING_STATUS,PARENT,INCLUDE_STATUS_MENU,INCLUDE_CHECKLIST_MENU) VALUES ('33317VAJ','222000005IY','22200000HLP','Y','Y');
INSERT INTO T_OSI_OBJ_TYPE (SID,STARTING_STATUS,PARENT,INCLUDE_STATUS_MENU,INCLUDE_CHECKLIST_MENU) VALUES ('33317VAK','222000005IY','22200000HLP','Y','Y');
INSERT INTO T_OSI_OBJ_TYPE (SID,STARTING_STATUS,PARENT,INCLUDE_STATUS_MENU,INCLUDE_CHECKLIST_MENU) VALUES ('33317VAL','222000005IY','22200000HLP','Y','Y');
INSERT INTO T_OSI_OBJ_TYPE (SID,STARTING_STATUS,PARENT,INCLUDE_STATUS_MENU,INCLUDE_CHECKLIST_MENU) VALUES ('33317VAM','222000005IY','22200000HLP','Y','Y');
INSERT INTO T_OSI_OBJ_TYPE (SID,STARTING_STATUS,PARENT,INCLUDE_STATUS_MENU,INCLUDE_CHECKLIST_MENU) VALUES ('33317VAN','222000005IY','22200000HLP','Y','Y');
INSERT INTO T_OSI_OBJ_TYPE (SID,STARTING_STATUS,PARENT,INCLUDE_STATUS_MENU,INCLUDE_CHECKLIST_MENU) VALUES ('33317VAO','222000005IY','22200000HLP','Y','Y');
INSERT INTO T_OSI_OBJ_TYPE (SID,STARTING_STATUS,PARENT,INCLUDE_STATUS_MENU,INCLUDE_CHECKLIST_MENU) VALUES ('33317VAP','222000005IY','22200000HLP','Y','Y');
INSERT INTO T_OSI_OBJ_TYPE (SID,STARTING_STATUS,PARENT,INCLUDE_STATUS_MENU,INCLUDE_CHECKLIST_MENU) VALUES ('33317VAQ','222000005IY','22200000HLP','Y','Y');
INSERT INTO T_OSI_OBJ_TYPE (SID,STARTING_STATUS,PARENT,INCLUDE_STATUS_MENU,INCLUDE_CHECKLIST_MENU) VALUES ('33317VAR','222000005IY','22200000HLP','Y','Y');
INSERT INTO T_OSI_OBJ_TYPE (SID,STARTING_STATUS,PARENT,INCLUDE_STATUS_MENU,INCLUDE_CHECKLIST_MENU) VALUES ('33317VAS','222000005IY','22200000HLP','Y','Y');
INSERT INTO T_OSI_OBJ_TYPE (SID,STARTING_STATUS,PARENT,INCLUDE_STATUS_MENU,INCLUDE_CHECKLIST_MENU) VALUES ('33317VAT','222000005IY','22200000HLP','Y','Y');
INSERT INTO T_OSI_OBJ_TYPE (SID,STARTING_STATUS,PARENT,INCLUDE_STATUS_MENU,INCLUDE_CHECKLIST_MENU) VALUES ('33317VAU','222000005IY','22200000HLP','Y','Y');
INSERT INTO T_OSI_OBJ_TYPE (SID,STARTING_STATUS,PARENT,INCLUDE_STATUS_MENU,INCLUDE_CHECKLIST_MENU) VALUES ('33317VAV','222000005IY','22200000HLP','Y','Y');
INSERT INTO T_OSI_OBJ_TYPE (SID,STARTING_STATUS,PARENT,INCLUDE_STATUS_MENU,INCLUDE_CHECKLIST_MENU) VALUES ('33317VN7','222000005IY','22200000HLP','Y','Y');
COMMIT;

---Add the Grant IOC Agent Role Privilege---
INSERT INTO T_OSI_AUTH_PRIV ( SID, OBJ_TYPE, ACTION, CREATE_BY, CREATE_ON, MODIFY_BY, MODIFY_ON, DESCRIPTION ) VALUES ( '33317VQP', '222000005HF', '33317VQO', 'timothy.ward',  TO_Date( '07/22/2011 10:06:47 AM', 'MM/DD/YYYY HH:MI:SS AM'), 'timothy.ward',  TO_Date( '07/22/2011 10:06:47 AM', 'MM/DD/YYYY HH:MI:SS AM'), 'GRANT: The IOC Agent Role in a Unit'); 
COMMIT;

---Add the Grant Action Type for the IOC Agent Role---
INSERT INTO T_OSI_AUTH_ACTION_TYPE ( SID, CODE, DESCRIPTION, CREATE_BY, CREATE_ON, MODIFY_BY, MODIFY_ON ) VALUES ( '33317VQO', 'GRANT_IOCAU', 'GRANT: The IOC Agent Role in a Unit', 'timothy.ward',  TO_Date( '07/22/2011 10:04:06 AM', 'MM/DD/YYYY HH:MI:SS AM'), 'timothy.ward',  TO_Date( '07/22/2011 10:04:06 AM', 'MM/DD/YYYY HH:MI:SS AM')); 
COMMIT;

---Add the Grant Privilege to the IOC Manager and HQ PMO Roles---
INSERT INTO T_OSI_AUTH_ROLE_PRIV (ROLE,PRIV) SELECT R.SID,'33317VQP' FROM T_OSI_AUTH_ROLE R WHERE R.CODE IN ('IOCMAN','HQPMO');
COMMIT;

---Create Roles---
INSERT INTO T_OSI_AUTH_ROLE ( SID, CODE, DESCRIPTION, KEEP_ON_TRANSFER, COMMON_GRANT, ALLOW_TOP, MAX_PER_SQD, MAX_PER_RGN, MAX_PER_UNIT, MAX_PER_HQ, AGENT_ONLY, GRANT_PRIV, COMPLETE_DESC, RPT_DESCR, RPT_PRIORITY, RPT_SIGNATURE ) VALUES ( '33317VDC', 'IOCAGENT', 'IOC Agent', NULL, NULL, 'N', NULL, NULL, NULL, NULL, 'N', '33317VQP', 'IOCAGENT:  IOC Agent', NULL, NULL, NULL); 
INSERT INTO T_OSI_AUTH_ROLE ( SID, CODE, DESCRIPTION, KEEP_ON_TRANSFER, COMMON_GRANT, ALLOW_TOP, MAX_PER_SQD, MAX_PER_RGN, MAX_PER_UNIT, MAX_PER_HQ, AGENT_ONLY, GRANT_PRIV, COMPLETE_DESC, RPT_DESCR, RPT_PRIORITY, RPT_SIGNATURE ) VALUES ( '33317VDD', 'IOCMAN', 'IOC Manager', NULL, NULL, 'N', NULL, NULL, NULL, NULL, 'N', NULL, 'IOCMAN:  IOC Manager', NULL, NULL, NULL); 
COMMIT;

---Create Privileges---
INSERT INTO T_OSI_AUTH_PRIV ( SID, OBJ_TYPE, ACTION, DESCRIPTION ) VALUES ( '33317VCS', '33317VAI', '22200000LD5', 'Create Consultation, IOC Case'); 
INSERT INTO T_OSI_AUTH_PRIV ( SID, OBJ_TYPE, ACTION, DESCRIPTION ) VALUES ( '33317VCT', '33317VAJ', '22200000LD5', 'Create Consultation, IOC Program'); 
INSERT INTO T_OSI_AUTH_PRIV ( SID, OBJ_TYPE, ACTION, DESCRIPTION ) VALUES ( '33317VCU', '33317VAK', '22200000LD5', 'Create Consultation, IOC Source'); 
INSERT INTO T_OSI_AUTH_PRIV ( SID, OBJ_TYPE, ACTION, DESCRIPTION ) VALUES ( '33317VCV', '33317VAL', '22200000LD5', 'Create Consultation, IOC Statement Analysis'); 
INSERT INTO T_OSI_AUTH_PRIV ( SID, OBJ_TYPE, ACTION, DESCRIPTION ) VALUES ( '33317VCW', '33317VAM', '22200000LD5', 'Create Consultation, IOC Structured Elimination Questionnaire (MSEQ)'); 
INSERT INTO T_OSI_AUTH_PRIV ( SID, OBJ_TYPE, ACTION, DESCRIPTION ) VALUES ( '33317VCX', '33317VAN', '22200000LD5', 'Create Consultation, IOC Operational Response'); 
INSERT INTO T_OSI_AUTH_PRIV ( SID, OBJ_TYPE, ACTION, DESCRIPTION ) VALUES ( '33317VCY', '33317VAO', '22200000LD5', 'Create Consultation, FSA Case'); 
INSERT INTO T_OSI_AUTH_PRIV ( SID, OBJ_TYPE, ACTION, DESCRIPTION ) VALUES ( '33317VCZ', '33317VAP', '22200000LD5', 'Create Consultation, FSA Death Case Review'); 
INSERT INTO T_OSI_AUTH_PRIV ( SID, OBJ_TYPE, ACTION, DESCRIPTION ) VALUES ( '33317VD1', '33317VAQ', '22200000LD5', 'Create Consultation, FSA Evidence Analysis Review'); 
INSERT INTO T_OSI_AUTH_PRIV ( SID, OBJ_TYPE, ACTION, DESCRIPTION ) VALUES ( '33317VD2', '33317VAR', '22200000LD5', 'Create Consultation, FSA Operational Response'); 
INSERT INTO T_OSI_AUTH_PRIV ( SID, OBJ_TYPE, ACTION, DESCRIPTION ) VALUES ( '33317VD3', '33317VAS', '22200000LD5', 'Create Consultation, FSC Bloodstain Pattern Analysis'); 
INSERT INTO T_OSI_AUTH_PRIV ( SID, OBJ_TYPE, ACTION, DESCRIPTION ) VALUES ( '33317VD4', '33317VAT', '22200000LD5', 'Create Consultation, FSC Shooting Incident Reconstruction'); 
INSERT INTO T_OSI_AUTH_PRIV ( SID, OBJ_TYPE, ACTION, DESCRIPTION ) VALUES ( '33317VD5', '33317VAU', '22200000LD5', 'Create Consultation, FSC Crime Scene Reconstruction'); 
INSERT INTO T_OSI_AUTH_PRIV ( SID, OBJ_TYPE, ACTION, DESCRIPTION ) VALUES ( '33317VD6', '33317VAV', '22200000LD5', 'Create Consultation, FSC Expert Witness'); 

INSERT INTO T_OSI_AUTH_PRIV ( SID, OBJ_TYPE, ACTION, DESCRIPTION ) VALUES ( '33317VN9', '33317VN7', '22200000LD5', 'Create Consultation, IOC UC Consultation'); 
COMMIT;


---Add Create Privileges to the IOC Agent, IOC Manager and HQ PMO Roles---
INSERT INTO T_OSI_AUTH_ROLE_PRIV (ROLE,PRIV) SELECT R.SID,'33317VCS' FROM T_OSI_AUTH_ROLE R WHERE R.CODE IN ('IOCAGENT','IOCMAN','HQPMO');
INSERT INTO T_OSI_AUTH_ROLE_PRIV (ROLE,PRIV) SELECT R.SID,'33317VCT' FROM T_OSI_AUTH_ROLE R WHERE R.CODE IN ('IOCAGENT','IOCMAN','HQPMO');
INSERT INTO T_OSI_AUTH_ROLE_PRIV (ROLE,PRIV) SELECT R.SID,'33317VCU' FROM T_OSI_AUTH_ROLE R WHERE R.CODE IN ('IOCAGENT','IOCMAN','HQPMO');
INSERT INTO T_OSI_AUTH_ROLE_PRIV (ROLE,PRIV) SELECT R.SID,'33317VCV' FROM T_OSI_AUTH_ROLE R WHERE R.CODE IN ('IOCAGENT','IOCMAN','HQPMO');
INSERT INTO T_OSI_AUTH_ROLE_PRIV (ROLE,PRIV) SELECT R.SID,'33317VCW' FROM T_OSI_AUTH_ROLE R WHERE R.CODE IN ('IOCAGENT','IOCMAN','HQPMO');
INSERT INTO T_OSI_AUTH_ROLE_PRIV (ROLE,PRIV) SELECT R.SID,'33317VCX' FROM T_OSI_AUTH_ROLE R WHERE R.CODE IN ('IOCAGENT','IOCMAN','HQPMO');
INSERT INTO T_OSI_AUTH_ROLE_PRIV (ROLE,PRIV) SELECT R.SID,'33317VCY' FROM T_OSI_AUTH_ROLE R WHERE R.CODE IN ('IOCAGENT','IOCMAN','HQPMO');
INSERT INTO T_OSI_AUTH_ROLE_PRIV (ROLE,PRIV) SELECT R.SID,'33317VCZ' FROM T_OSI_AUTH_ROLE R WHERE R.CODE IN ('IOCAGENT','IOCMAN','HQPMO');
INSERT INTO T_OSI_AUTH_ROLE_PRIV (ROLE,PRIV) SELECT R.SID,'33317VD1' FROM T_OSI_AUTH_ROLE R WHERE R.CODE IN ('IOCAGENT','IOCMAN','HQPMO');
INSERT INTO T_OSI_AUTH_ROLE_PRIV (ROLE,PRIV) SELECT R.SID,'33317VD2' FROM T_OSI_AUTH_ROLE R WHERE R.CODE IN ('IOCAGENT','IOCMAN','HQPMO');
INSERT INTO T_OSI_AUTH_ROLE_PRIV (ROLE,PRIV) SELECT R.SID,'33317VD3' FROM T_OSI_AUTH_ROLE R WHERE R.CODE IN ('IOCAGENT','IOCMAN','HQPMO');
INSERT INTO T_OSI_AUTH_ROLE_PRIV (ROLE,PRIV) SELECT R.SID,'33317VD4' FROM T_OSI_AUTH_ROLE R WHERE R.CODE IN ('IOCAGENT','IOCMAN','HQPMO');
INSERT INTO T_OSI_AUTH_ROLE_PRIV (ROLE,PRIV) SELECT R.SID,'33317VD5' FROM T_OSI_AUTH_ROLE R WHERE R.CODE IN ('IOCAGENT','IOCMAN','HQPMO');
INSERT INTO T_OSI_AUTH_ROLE_PRIV (ROLE,PRIV) SELECT R.SID,'33317VD6' FROM T_OSI_AUTH_ROLE R WHERE R.CODE IN ('IOCAGENT','IOCMAN','HQPMO');
INSERT INTO T_OSI_AUTH_ROLE_PRIV (ROLE,PRIV) SELECT R.SID,'33317VN9' FROM T_OSI_AUTH_ROLE R WHERE R.CODE IN ('IOCAGENT','IOCMAN','HQPMO');
COMMIT;

--------------------------------------------
---Add Privileges to the IOC Manager Role---
--------------------------------------------
---Access PERSONNEL---
INSERT INTO T_OSI_AUTH_ROLE_PRIV (ROLE,PRIV) SELECT R.SID,P.SID FROM T_OSI_AUTH_ROLE R,T_OSI_AUTH_PRIV P,T_CORE_OBJ_TYPE T,T_OSI_AUTH_ACTION_TYPE A  
WHERE R.CODE IN ('IOCMAN') 
  AND T.CODE='PERSONNEL' 
  AND T.SID=P.OBJ_TYPE 
  AND A.CODE='ACCESS' 
  AND A.SID=P.ACTION;
COMMIT;

---Add/Mod PMM Roles---
INSERT INTO T_OSI_AUTH_ROLE_PRIV (ROLE,PRIV) SELECT R.SID,P.SID FROM T_OSI_AUTH_ROLE R,T_OSI_AUTH_PRIV P,T_CORE_OBJ_TYPE T,T_OSI_AUTH_ACTION_TYPE A  
WHERE R.CODE IN ('IOCMAN') 
  AND T.CODE='PERSONNEL' 
  AND T.SID=P.OBJ_TYPE 
  AND A.CODE='PMM_MODROL' 
  AND A.SID=P.ACTION;
COMMIT;


---Access All Source Files---
INSERT INTO T_OSI_AUTH_ROLE_PRIV (ROLE,PRIV) SELECT R.SID,P.SID FROM T_OSI_AUTH_ROLE R,T_OSI_AUTH_PRIV P,T_CORE_OBJ_TYPE T,T_OSI_AUTH_ACTION_TYPE A  
WHERE R.CODE IN ('IOCMAN') 
  AND T.CODE='FILE.SOURCE' 
  AND T.SID=P.OBJ_TYPE 
  AND A.CODE='OVERRIDE' 
  AND A.SID=P.ACTION;

INSERT INTO T_OSI_AUTH_ROLE_PRIV (ROLE,PRIV) SELECT R.SID,P.SID FROM T_OSI_AUTH_ROLE R,T_OSI_AUTH_PRIV P,T_CORE_OBJ_TYPE T,T_OSI_AUTH_ACTION_TYPE A  
WHERE R.CODE IN ('IOCMAN') 
  AND T.CODE='FILE' 
  AND T.SID=P.OBJ_TYPE 
  AND A.CODE='ACCESS' 
  AND A.SID=P.ACTION;