--- Status Changes for ACT.INTERVIEW.VICTIM for Completed Checklists ---
INSERT INTO T_OSI_STATUS_CHANGE ( SID, OBJ_TYPE, FROM_STATUS, TO_STATUS, TRANSITION, BUTTON_LABEL, COMMENT_TYPE, CONFIRM_MESSAGE, UNIT_REQUIRED, CREATE_BY, CREATE_ON, MODIFY_BY, MODIFY_ON, NOTE_CAT, SEQ, UNIT_TEXT_REQUIRED, CHECKLIST_BUTTON_LABEL, OVERRIDE, ACTIVE, AUTH_ACTION, ALLOW_DATE ) VALUES ( '333182HO', '222000009LI', '222000005IX', '222000005J0', 'Complete Activity', 'Complete Activity', 'N', 'This activity will now be transferred back to the creating unit.  Are you sure you want to do this?', NULL, 'timothy.ward',  TO_Date( '09/29/2011 10:36:54 AM', 'MM/DD/YYYY HH:MI:SS AM'), 'timothy.ward',  TO_Date( '09/29/2011 10:36:54 AM', 'MM/DD/YYYY HH:MI:SS AM'), NULL, NULL, NULL, 'Complete Checklist', 'Y', 'Y', '22200000LDA', 'N'); 
INSERT INTO T_OSI_STATUS_CHANGE ( SID, OBJ_TYPE, FROM_STATUS, TO_STATUS, TRANSITION, BUTTON_LABEL, COMMENT_TYPE, CONFIRM_MESSAGE, UNIT_REQUIRED, CREATE_BY, CREATE_ON, MODIFY_BY, MODIFY_ON, NOTE_CAT, SEQ, UNIT_TEXT_REQUIRED, CHECKLIST_BUTTON_LABEL, OVERRIDE, ACTIVE, AUTH_ACTION, ALLOW_DATE ) VALUES ( '333182HP', '222000009LI', '222000005IY', '222000005J0', 'Complete Activity', 'Complete Activity', 'N', 'This activity will now be marked as complete.  Are you sure you want to do this?', NULL, 'timothy.ward',  TO_Date( '09/29/2011 10:36:54 AM', 'MM/DD/YYYY HH:MI:SS AM'), 'timothy.ward',  TO_Date( '09/29/2011 10:36:54 AM', 'MM/DD/YYYY HH:MI:SS AM'), NULL, NULL, NULL, 'Complete Checklist', 'Y', 'Y', '22200000LDA', 'N'); 
COMMIT;

--- Checklist Items for Completed Checklists ACT.INTERVIEW.VICTIM ---
INSERT INTO T_OSI_CHECKLIST_ITEM_TYPE_MAP ( SID, STATUS_CHANGE_SID, CHECKLIST_ITEM_TYPE_SID, CREATE_BY, CREATE_ON, MODIFY_BY, MODIFY_ON, USER_EDITABLE, COMPLETION_REQUIRED ) VALUES ( '333182HQ', '333182HO', '222000009Q3', 'timothy.ward',  TO_Date( '09/29/2011 10:38:05 AM', 'MM/DD/YYYY HH:MI:SS AM'), 'timothy.ward',  TO_Date( '09/29/2011 10:38:26 AM', 'MM/DD/YYYY HH:MI:SS AM'), 0, 1); 
INSERT INTO T_OSI_CHECKLIST_ITEM_TYPE_MAP ( SID, STATUS_CHANGE_SID, CHECKLIST_ITEM_TYPE_SID, CREATE_BY, CREATE_ON, MODIFY_BY, MODIFY_ON, USER_EDITABLE, COMPLETION_REQUIRED ) VALUES ( '333182I2', '333182HO', '2220000097A', 'timothy.ward',  TO_Date( '09/29/2011 11:22:55 AM', 'MM/DD/YYYY HH:MI:SS AM'), 'timothy.ward',  TO_Date( '09/29/2011 11:22:55 AM', 'MM/DD/YYYY HH:MI:SS AM'), 0, 1); 
INSERT INTO T_OSI_CHECKLIST_ITEM_TYPE_MAP ( SID, STATUS_CHANGE_SID, CHECKLIST_ITEM_TYPE_SID, CREATE_BY, CREATE_ON, MODIFY_BY, MODIFY_ON, USER_EDITABLE, COMPLETION_REQUIRED ) VALUES ( '333182I3', '333182HO', '22203HCW', 'timothy.ward',  TO_Date( '09/29/2011 11:23:14 AM', 'MM/DD/YYYY HH:MI:SS AM'), 'timothy.ward',  TO_Date( '09/29/2011 11:23:14 AM', 'MM/DD/YYYY HH:MI:SS AM'), 0, 1); 
COMMIT;

INSERT INTO T_OSI_CHECKLIST_ITEM_TYPE_MAP ( SID, STATUS_CHANGE_SID, CHECKLIST_ITEM_TYPE_SID, CREATE_BY, CREATE_ON, MODIFY_BY, MODIFY_ON, USER_EDITABLE, COMPLETION_REQUIRED ) VALUES ( '333182HR', '333182HP', '222000009Q3', 'timothy.ward',  TO_Date( '09/29/2011 10:38:48 AM', 'MM/DD/YYYY HH:MI:SS AM'), 'timothy.ward',  TO_Date( '09/29/2011 10:38:48 AM', 'MM/DD/YYYY HH:MI:SS AM'), 0, 1); 
INSERT INTO T_OSI_CHECKLIST_ITEM_TYPE_MAP ( SID, STATUS_CHANGE_SID, CHECKLIST_ITEM_TYPE_SID, CREATE_BY, CREATE_ON, MODIFY_BY, MODIFY_ON, USER_EDITABLE, COMPLETION_REQUIRED ) VALUES ( '333182I4', '333182HP', '2220000097A', 'timothy.ward',  TO_Date( '09/29/2011 11:25:18 AM', 'MM/DD/YYYY HH:MI:SS AM'), 'timothy.ward',  TO_Date( '09/29/2011 11:25:18 AM', 'MM/DD/YYYY HH:MI:SS AM'), 0, 1); 
INSERT INTO T_OSI_CHECKLIST_ITEM_TYPE_MAP ( SID, STATUS_CHANGE_SID, CHECKLIST_ITEM_TYPE_SID, CREATE_BY, CREATE_ON, MODIFY_BY, MODIFY_ON, USER_EDITABLE, COMPLETION_REQUIRED ) VALUES ( '333182I5', '333182HP', '22203HCW', 'timothy.ward',  TO_Date( '09/29/2011 11:25:33 AM', 'MM/DD/YYYY HH:MI:SS AM'), 'timothy.ward',  TO_Date( '09/29/2011 11:25:33 AM', 'MM/DD/YYYY HH:MI:SS AM'), 0, 1); 
COMMIT;





--- Status Changes for ACT.INTERVIEW.WITNESS for Closed Checklists 12/20/2011 CHANGED OVERRIDE='Y' SO TWO CLOSURE CHECKLIST MENU ITEMS WON'T SHOW UP---
INSERT INTO T_OSI_STATUS_CHANGE ( SID, OBJ_TYPE, FROM_STATUS, TO_STATUS, TRANSITION, BUTTON_LABEL, COMMENT_TYPE, CONFIRM_MESSAGE, UNIT_REQUIRED, CREATE_BY, CREATE_ON, MODIFY_BY, MODIFY_ON, NOTE_CAT, SEQ, UNIT_TEXT_REQUIRED, CHECKLIST_BUTTON_LABEL, OVERRIDE, ACTIVE, AUTH_ACTION, ALLOW_DATE ) VALUES ( '333182HU', '222000009LJ', '222000005J0', '222000005IZ', 'Close Activity', 'Close Activity', 'N', 'You have chosen to close this activity.  This will prevent you from making any other changes to the details of this activity.', NULL, 'timothy.ward',  TO_Date( '09/29/2011 10:44:18 AM', 'MM/DD/YYYY HH:MI:SS AM'), 'timothy.ward',  TO_Date( '09/29/2011 10:44:54 AM', 'MM/DD/YYYY HH:MI:SS AM'), NULL, NULL, NULL, 'Closure Checklist', 'Y', 'Y', '22200000LDB', 'N'); 

--- Checklist Items for Closed Checklists ACT.INTERVIEW.WITNESS ---
INSERT INTO T_OSI_CHECKLIST_ITEM_TYPE_MAP ( SID, STATUS_CHANGE_SID, CHECKLIST_ITEM_TYPE_SID, CREATE_BY, CREATE_ON, MODIFY_BY, MODIFY_ON, USER_EDITABLE, COMPLETION_REQUIRED ) VALUES ( '333182HV', '333182HU', '222000009Q3', 'timothy.ward',  TO_Date( '09/29/2011 10:46:50 AM', 'MM/DD/YYYY HH:MI:SS AM'), 'timothy.ward',  TO_Date( '09/29/2011 10:46:50 AM', 'MM/DD/YYYY HH:MI:SS AM'), 0, 1); 
INSERT INTO T_OSI_CHECKLIST_ITEM_TYPE_MAP ( SID, STATUS_CHANGE_SID, CHECKLIST_ITEM_TYPE_SID, CREATE_BY, CREATE_ON, MODIFY_BY, MODIFY_ON, USER_EDITABLE, COMPLETION_REQUIRED ) VALUES ( '333182HZ', '333182HU', '2220000097A', 'timothy.ward',  TO_Date( '09/29/2011 10:52:34 AM', 'MM/DD/YYYY HH:MI:SS AM'), 'timothy.ward',  TO_Date( '09/29/2011 10:52:34 AM', 'MM/DD/YYYY HH:MI:SS AM'), 0, 1); 
INSERT INTO T_OSI_CHECKLIST_ITEM_TYPE_MAP ( SID, STATUS_CHANGE_SID, CHECKLIST_ITEM_TYPE_SID, CREATE_BY, CREATE_ON, MODIFY_BY, MODIFY_ON, USER_EDITABLE, COMPLETION_REQUIRED ) VALUES ( '333182I6', '333182HU', '22203HCW', 'timothy.ward',  TO_Date( '09/29/2011 11:38:41 AM', 'MM/DD/YYYY HH:MI:SS AM'), 'timothy.ward',  TO_Date( '09/29/2011 11:38:41 AM', 'MM/DD/YYYY HH:MI:SS AM'), 0, 1); 
COMMIT;



--- Status Changes for ACT.INTERVIEW.VICTIM for Closed Checklists ---
INSERT INTO T_OSI_STATUS_CHANGE ( SID, OBJ_TYPE, FROM_STATUS, TO_STATUS, TRANSITION, BUTTON_LABEL, COMMENT_TYPE, CONFIRM_MESSAGE, UNIT_REQUIRED, CREATE_BY, CREATE_ON, MODIFY_BY, MODIFY_ON, NOTE_CAT, SEQ, UNIT_TEXT_REQUIRED, CHECKLIST_BUTTON_LABEL, OVERRIDE, ACTIVE, AUTH_ACTION, ALLOW_DATE ) VALUES ( '333182I7', '222000009LI', '222000005J0', '222000005IZ', 'Close Activity', 'Close Activity', 'N', 'You have chosen to close this activity.  This will prevent you from making any other changes to the details of this activity.', NULL, 'timothy.ward',  TO_Date( '09/29/2011 11:41:13 AM', 'MM/DD/YYYY HH:MI:SS AM'), 'timothy.ward',  TO_Date( '09/29/2011 11:41:49 AM', 'MM/DD/YYYY HH:MI:SS AM'), NULL, NULL, NULL, 'Closure Checklist', 'Y', 'Y', '22200000LDB', 'N'); 
COMMIT;

--- Checklist Items for Closed Checklists ACT.INTERVIEW.VICTIM ---
INSERT INTO T_OSI_CHECKLIST_ITEM_TYPE_MAP ( SID, STATUS_CHANGE_SID, CHECKLIST_ITEM_TYPE_SID, CREATE_BY, CREATE_ON, MODIFY_BY, MODIFY_ON, USER_EDITABLE, COMPLETION_REQUIRED ) VALUES ( '333182I8', '333182I7', '222000009Q3', 'timothy.ward',  TO_Date( '09/29/2011 11:42:43 AM', 'MM/DD/YYYY HH:MI:SS AM'), 'timothy.ward',  TO_Date( '09/29/2011 11:42:43 AM', 'MM/DD/YYYY HH:MI:SS AM'), 0, 1); 
INSERT INTO T_OSI_CHECKLIST_ITEM_TYPE_MAP ( SID, STATUS_CHANGE_SID, CHECKLIST_ITEM_TYPE_SID, CREATE_BY, CREATE_ON, MODIFY_BY, MODIFY_ON, USER_EDITABLE, COMPLETION_REQUIRED ) VALUES ( '333182I9', '333182I7', '2220000097A', 'timothy.ward',  TO_Date( '09/29/2011 11:42:51 AM', 'MM/DD/YYYY HH:MI:SS AM'), 'timothy.ward',  TO_Date( '09/29/2011 11:42:51 AM', 'MM/DD/YYYY HH:MI:SS AM'), 0, 1); 
INSERT INTO T_OSI_CHECKLIST_ITEM_TYPE_MAP ( SID, STATUS_CHANGE_SID, CHECKLIST_ITEM_TYPE_SID, CREATE_BY, CREATE_ON, MODIFY_BY, MODIFY_ON, USER_EDITABLE, COMPLETION_REQUIRED ) VALUES ( '333182IA', '333182I7', '22203HCW', 'timothy.ward',  TO_Date( '09/29/2011 11:43:00 AM', 'MM/DD/YYYY HH:MI:SS AM'), 'timothy.ward',  TO_Date( '09/29/2011 11:43:00 AM', 'MM/DD/YYYY HH:MI:SS AM'), 0, 1); 
COMMIT;



------------------------------------------------------------------------------------------------------------
----- ADDED 12/20/2011 because the Complete and Closed Dates were not being updated in T_OSI_ACTIVITY ------
------------------------------------------------------------------------------------------------------------
SET DEFINE OFF;
Insert into WEBI2MS.T_OSI_STATUS_CHANGE_PROC
   (SID, STATUS_CHANGE_SID, PROC_TO_USE, ACTIVE, CREATE_BY, CREATE_ON, MODIFY_BY, MODIFY_ON, PROCESS_POINT)
 Values
   ('7773CQLL', '333182HO', 'OSI_STATUS_PROC.COMPLETE_ACTIVITY', 'Y', 'Wayne.Combs', 
    TO_DATE('12/20/2011 11:46:55', 'MM/DD/YYYY HH24:MI:SS'), 'Wayne.Combs', TO_DATE('12/20/2011 11:46:55', 'MM/DD/YYYY HH24:MI:SS'), 'AFTER');
Insert into WEBI2MS.T_OSI_STATUS_CHANGE_PROC
   (SID, STATUS_CHANGE_SID, PROC_TO_USE, ACTIVE, CREATE_BY, CREATE_ON, MODIFY_BY, MODIFY_ON, PROCESS_POINT)
 Values
   ('7773CQLO', '333182I7', 'OSI_STATUS_PROC.CLOSE_ACTIVITY', 'Y', 'Wayne.Combs', 
    TO_DATE('12/20/2011 11:46:55', 'MM/DD/YYYY HH24:MI:SS'), 'Wayne.Combs', TO_DATE('12/20/2011 11:46:55', 'MM/DD/YYYY HH24:MI:SS'), 'AFTER');
Insert into WEBI2MS.T_OSI_STATUS_CHANGE_PROC
   (SID, STATUS_CHANGE_SID, PROC_TO_USE, ACTIVE, CREATE_BY, CREATE_ON, MODIFY_BY, MODIFY_ON, PROCESS_POINT)
 Values
   ('7773CQLN', '333182HU', 'OSI_STATUS_PROC.CLOSE_ACTIVITY', 'Y', 'Wayne.Combs', 
    TO_DATE('12/20/2011 11:46:55', 'MM/DD/YYYY HH24:MI:SS'), 'Wayne.Combs', TO_DATE('12/20/2011 11:46:55', 'MM/DD/YYYY HH24:MI:SS'), 'AFTER');
Insert into WEBI2MS.T_OSI_STATUS_CHANGE_PROC
   (SID, STATUS_CHANGE_SID, PROC_TO_USE, ACTIVE, CREATE_BY, CREATE_ON, MODIFY_BY, MODIFY_ON, PROCESS_POINT)
 Values
   ('7773CQLM', '333182HP', 'OSI_STATUS_PROC.COMPLETE_ACTIVITY', 'Y', 'Wayne.Combs', 
    TO_DATE('12/20/2011 11:46:55', 'MM/DD/YYYY HH24:MI:SS'), 'Wayne.Combs', TO_DATE('12/20/2011 11:46:55', 'MM/DD/YYYY HH24:MI:SS'), 'AFTER');
COMMIT;
